Project Title;IMDb;Credited;In portfolio;Category;URL;Role
Almhof - toetje.;;;ONWAAR;Advertising;https://stormpostproduction.com/portfolio/advertising/works/almhof-3;VFX supervisor
Amstel - Russia Power of Time.;;;ONWAAR;Advertising;https://stormpostproduction.com/portfolio/advertising/works/amstel-russia-power-of-time;Compositing
Amstel 0.0% - Amstel geeft een rondje.;;;ONWAAR;Advertising;https://stormpostproduction.com/portfolio/advertising/works/amstel-0-0-amstel-geeft-een-rondje;Compositing
Amstel Radler 2.0 - Highwayman.;;;ONWAAR;Advertising;https://stormpostproduction.com/portfolio/advertising/works/amstel-radler-2-0-highwayman;Compositing
ANWB - Twijfelgevallen.;;;ONWAAR;Advertising;https://stormpostproduction.com/portfolio/advertising/works/anwb-twijfelgevallen;Compositor
Appelsientje.;;;ONWAAR;Advertising;https://stormpostproduction.com/portfolio/advertising/works/appelsientje;Compositing
Bavaria - Hollandress.;;;ONWAAR;Advertising;https://stormpostproduction.com/portfolio/advertising/works/bavaria-hollandress;Compositing
Bolletje - Presentatie.;;;ONWAAR;Advertising;https://stormpostproduction.com/portfolio/advertising/works/bolletje-april;VFX supervisor
Bolletje Zadencracker.;;;ONWAAR;Advertising;https://stormpostproduction.com/portfolio/advertising/works/bolletje-zadencracker;VFX Supervisor
Bonduelle - machts besser.;;;ONWAAR;Advertising;https://stormpostproduction.com/portfolio/advertising/works/bonduellle;VFX Supervisor
Centraal Beheer - Container.;;;ONWAAR;Advertising;https://stormpostproduction.com/portfolio/advertising/works/centraal-beheer-container;VFX Supervisor
Coca Cola - the last Jedi.;;;ONWAAR;Advertising;https://stormpostproduction.com/portfolio/advertising/works/coca-cola-last-jedi;Compositing
Cup-a-Soup - Souperieur.;;;ONWAAR;Advertising;https://stormpostproduction.com/portfolio/advertising/works/cup-a-soup-souperieur;Compositor
Danerolles - Pizza.;;;ONWAAR;Advertising;https://stormpostproduction.com/portfolio/advertising/works/danerolles-pizza;Compositing
De Jeugd Van Tegenwoordig - Let The Tits Out.;;;ONWAAR;Advertising;https://stormpostproduction.com/portfolio/advertising/works/de-jeugd-van-tegenwoordig;VFX supervisor
Defensie - Groei.;;;ONWAAR;Advertising;https://stormpostproduction.com/portfolio/advertising/works/defensie-groei;VFX Supervisor
Defensie - Techniek.;;;ONWAAR;Advertising;https://stormpostproduction.com/portfolio/advertising/works/ministerie-van-defensie-techniek-2;Compositing
Duyvis - Fuifmelder.;;;ONWAAR;Advertising;https://stormpostproduction.com/portfolio/advertising/works/duyvis-fuifmelder;Compositing
Einride.;;;ONWAAR;Advertising;https://stormpostproduction.com/portfolio/advertising/works/einride;Compositor
Fit for Free - Prijskaart.;;;ONWAAR;Advertising;https://stormpostproduction.com/portfolio/advertising/works/fit-for-free-prijskaart;Compositing
Foodora.;;;ONWAAR;Advertising;https://stormpostproduction.com/portfolio/advertising/works/foodora;VFX Supervisor
Gall & Gall - 3D.;;;ONWAAR;Advertising;https://stormpostproduction.com/portfolio/advertising/works/gall-gall-3d;3D, motion graphic
HP-Smooth.;;;ONWAAR;Advertising;https://stormpostproduction.com/portfolio/advertising/works/hp;VFX supervisor
Hyundai.;;;ONWAAR;Advertising;https://stormpostproduction.com/portfolio/advertising/works/hyundai;VFX Supervisor
Ikea - Dag Rommel.;;;ONWAAR;Advertising;https://stormpostproduction.com/portfolio/advertising/works/ikea-dag-rommel;Compositing
Ikea - Deal with the dark.;;;ONWAAR;Advertising;https://stormpostproduction.com/portfolio/advertising/works/ikea-donker;VFX supervisor
Ikea - Eindelijk de ruimte.;;;ONWAAR;Advertising;https://stormpostproduction.com/portfolio/advertising/works/ikea-ruimte;VFX supervisor
Ikea - Hoi Visite.;;;ONWAAR;Advertising;https://stormpostproduction.com/portfolio/advertising/works/ikea-hoi-visite;Compositing
Kies de Fiets.;;;ONWAAR;Advertising;https://stormpostproduction.com/portfolio/advertising/works/kies-de-fiets;VFX Supervisor
KLM - 100 years.;;;ONWAAR;Advertising;https://stormpostproduction.com/portfolio/advertising/works/klm-100-jaar;Compositing
KLM - Baby.;;;ONWAAR;Advertising;https://stormpostproduction.com/portfolio/advertising/works/klm-baby-2;VFX supervisor
Koning Toto 5.1.;;;ONWAAR;Advertising;https://stormpostproduction.com/portfolio/advertising/works/koning-toto-5-1;VFX Supervisor
LG - Minibeamer.;;;ONWAAR;Advertising;https://stormpostproduction.com/portfolio/advertising/works/lg-minibeamer;Compositing, motion graphic
McDonald's - Big tasty.;;;ONWAAR;Advertising;https://stormpostproduction.com/portfolio/advertising/works/mac-donalds-bigtasty;VFX supervisor
McDonald's - X-Masters.;;;ONWAAR;Advertising;https://stormpostproduction.com/portfolio/advertising/works/mcdonalds-x-masters;VFX Supervisor
Mercedes Benz - Trucks.;;;ONWAAR;Advertising;https://stormpostproduction.com/portfolio/advertising/works/mercedes-benz-trucks;Compositing
Nationale Kinderherdenking 2022.;;;ONWAAR;Advertising;https://stormpostproduction.com/portfolio/advertising/works/nationale-kinderherdenking;VFX Supervisor
Nationale Nederlanden - Running Blind.;;;ONWAAR;Advertising;https://stormpostproduction.com/portfolio/advertising/works/nationale-nederlanden;VFX Supervisor
Old Amsterdam - Lunch.;;;ONWAAR;Advertising;https://stormpostproduction.com/portfolio/advertising/works/old-amsterdam-lunch;VFX supervisor
Promovendum - verzekering.;;;ONWAAR;Advertising;https://stormpostproduction.com/portfolio/advertising/works/promovendum-verzekering;Compositing
Sultana - Mr Happy.;;;ONWAAR;Advertising;https://stormpostproduction.com/portfolio/advertising/works/sultana-mr-happy;Compositing
Tele2 - Dit Wil Ik Weken.;;;ONWAAR;Advertising;https://stormpostproduction.com/portfolio/advertising/works/tele2-dit-wil-ik-weken;Lead Compositor
UPC - NFF publieksprijs.;;;ONWAAR;Advertising;https://stormpostproduction.com/portfolio/advertising/works/upc-nff-publieksprijs;Compositing
vandeBron.nl - Energie maatschappij.;;;ONWAAR;Advertising;https://stormpostproduction.com/portfolio/advertising/works/vandebron-nl-energie-maatschappij;Compositing
Veronica - Superguide.;;;ONWAAR;Advertising;https://stormpostproduction.com/portfolio/advertising/works/veronica-superguide;Compositing
Werkspot.;;;ONWAAR;Advertising;https://stormpostproduction.com/portfolio/advertising/works/werkspot;Compositing
Zilveren kruis- Zit check.;;;ONWAAR;Advertising;https://stormpostproduction.com/portfolio/advertising/works/zilveren-kruis;VFX supervisor
Catastrophe;;ONWAAR;ONWAAR;Animation;https://stormpostproduction.com/portfolio/film/works/catastrophe;Compositing
Red Fried District;;ONWAAR;WAAR;Animation;https://stormpostproduction.com/portfolio/film/works/red-fried-district;VFX Artist
The Little Vampire 3D;;ONWAAR;ONWAAR;Animation;https://stormpostproduction.com/portfolio/film/works/little-vampire-3d;Compositing
Battles;;ONWAAR;ONWAAR;Documentary;https://stormpostproduction.com/portfolio/film/works/battles;Compositing
Erbarme Dich;;ONWAAR;ONWAAR;Documentary;https://stormpostproduction.com/portfolio/film/works/erbarme-dich;Compositing
Even Vergeten;;ONWAAR;ONWAAR;Documentary;https://stormpostproduction.com/portfolio/film/works/even-vergeten;VFX Supervisor
Inside the Mind of a Con Artist;;ONWAAR;ONWAAR;Documentary;https://stormpostproduction.com/portfolio/film/works/inside-the-mind-of-a-con-artist;Digital Compositor
Rules of War;;ONWAAR;ONWAAR;Documentary;https://stormpostproduction.com/portfolio/film/works/rules-of-war;VFX Supervisor
Vader;;ONWAAR;ONWAAR;Documentary;https://stormpostproduction.com/portfolio/film/works/vader;VFX supervisor
‘t Schaep Ahoy;;ONWAAR;ONWAAR;Film/TV;https://stormpostproduction.com/portfolio/film/works/t-schaep-ahoy;Compositor
All you need is Love;;WAAR;WAAR;Film/TV;https://stormpostproduction.com/portfolio/film/works/allyouneedislove;VFX supervisor
Amsterdam Vice;;ONWAAR;ONWAAR;Film/TV;https://stormpostproduction.com/portfolio/film/works/baantjer-2;VFX Supervisor
Another Round (original title: Druk);;ONWAAR;ONWAAR;Film/TV;https://stormpostproduction.com/portfolio/film/works/another-round-original-title-druk;Digital Compositor
Baantjer – het begin;;ONWAAR;ONWAAR;Film/TV;https://stormpostproduction.com/portfolio/film/works/baantjer;VFX Supervisor
Ballast  (OneNightStand);;ONWAAR;ONWAAR;Film/TV;https://stormpostproduction.com/portfolio/film/works/ballast-onenightstand;Compositor
Bannebroek’s Got Talent (Telefilm);;ONWAAR;ONWAAR;Film/TV;https://stormpostproduction.com/portfolio/film/works/bannebroeks-got-talent-telefilm;Compositing
Bears love me;;ONWAAR;ONWAAR;Film/TV;https://stormpostproduction.com/portfolio/film/works/bears;VFX supervisor
Beenlampman;;ONWAAR;ONWAAR;Film/TV;https://stormpostproduction.com/portfolio/film/works/beenlampman;VFX supervisor
Bella Donna’s;;ONWAAR;ONWAAR;Film/TV;https://stormpostproduction.com/portfolio/film/works/bella-donnas;Compositing
Bloodgroup;;ONWAAR;ONWAAR;Film/TV;https://stormpostproduction.com/portfolio/film/works/bloodgroup;VFX supervisor
Bluf;;ONWAAR;ONWAAR;Film/TV;https://stormpostproduction.com/portfolio/film/works/bluf;Compositor
Bo;tt13479258;ONWAAR;ONWAAR;Film/TV;https://stormpostproduction.com/portfolio/film/works/bo;Digital Compositor
BON BINI HOLLAND 2;;ONWAAR;ONWAAR;Film/TV;https://stormpostproduction.com/portfolio/film/works/bon-bini-holland2;Compositing
Bram Fischer;;ONWAAR;ONWAAR;Film/TV;https://stormpostproduction.com/portfolio/film/works/bram-fischer;Compositing
Bulado;;ONWAAR;ONWAAR;Film/TV;https://stormpostproduction.com/portfolio/film/works/bulado;Compositing
Celblok H;;ONWAAR;ONWAAR;Film/TV;https://stormpostproduction.com/portfolio/film/works/celblok-h-3;Compositor
Dansen Op de Vulkaan;;ONWAAR;ONWAAR;Film/TV;https://stormpostproduction.com/portfolio/film/works/dansen-op-de-vulkaan;Compositing
Das Wad (NTR Kort);;ONWAAR;ONWAAR;Film/TV;https://stormpostproduction.com/portfolio/film/works/das-wad-ntr-kort;Compositing
De Boskampi’s;;ONWAAR;ONWAAR;Film/TV;https://stormpostproduction.com/portfolio/film/works/de-boskampis;Compositing
De club van lelijke kinderen;;ONWAAR;ONWAAR;Film/TV;https://stormpostproduction.com/portfolio/film/works/de-club-van-lelijke-kinderen-2;VFX supervisor
De Man Uit Rome;tt15366554;ONWAAR;ONWAAR;Film/TV;https://stormpostproduction.com/portfolio/film/works/de-man-uit-rome;Digital Compositor
De Marathon;;ONWAAR;ONWAAR;Film/TV;https://stormpostproduction.com/portfolio/film/works/de-marathon;Compositing
De Verschrikkelijke Jaren Tachtig;tt14691120;ONWAAR;ONWAAR;Film/TV;https://stormpostproduction.com/portfolio/film/works/de-verschrikkelijke-jaren-tachtig;VFX Supervisor
De Verschrikkelijke Jaren Tachtig;tt14691120;ONWAAR;ONWAAR;Film/TV;https://stormpostproduction.com/portfolio/film/works/de-verschrikkelijke-jaren-tachtig;Digital Compositor
Der Kaiser (NTR Kort);;ONWAAR;ONWAAR;Film/TV;https://stormpostproduction.com/portfolio/film/works/der-kaiser;Compositing
Do Not Hesitate;tt11280826;ONWAAR;ONWAAR;Film/TV;https://stormpostproduction.com/portfolio/film/works/do-not-hesitate;VFX Supervisor
Dokter Tinus;;ONWAAR;ONWAAR;Film/TV;https://stormpostproduction.com/portfolio/film/works/dokter-tinus;Compositing
Dokter Tinus – Season 2;;ONWAAR;ONWAAR;Film/TV;https://stormpostproduction.com/portfolio/film/works/dokter-tinus-season-2;Compositing
Dokter Tinus – Season 3;;ONWAAR;ONWAAR;Film/TV;https://stormpostproduction.com/portfolio/film/works/dokter-tinus-season-3;Compositing
Dokter Tinus – Season 4;;ONWAAR;ONWAAR;Film/TV;https://stormpostproduction.com/portfolio/film/works/dokter-tinus-season-4;Compositing
Een Tweede Kans  (Duivels Dillema’s);;ONWAAR;ONWAAR;Film/TV;https://stormpostproduction.com/portfolio/film/works/een-tweede-kans-duivels-dillema;Compositing
Forever After;;ONWAAR;ONWAAR;Film/TV;https://stormpostproduction.com/portfolio/film/works/forever-after;Compositing
Gek van Geluk;;ONWAAR;ONWAAR;Film/TV;https://stormpostproduction.com/portfolio/film/works/gek-van-geluk;Compositing
Hartenstraat;;ONWAAR;ONWAAR;Film/TV;https://stormpostproduction.com/portfolio/film/works/hartenstraat;Compositor
HET HART VAN HADIAH TROMP;;ONWAAR;ONWAAR;Film/TV;https://stormpostproduction.com/portfolio/film/works/film-template-3;Compositing
Het Kamp;tt30497864;ONWAAR;ONWAAR;Film/TV;https://stormpostproduction.com/portfolio/film/works/het-kamp;VFX Supervisor
Het mooiste wat er is (Telefilm);;ONWAAR;ONWAAR;Film/TV;https://stormpostproduction.com/portfolio/film/works/het-mooiste-wat-er-is-telefilm;Compositing
Homies;;ONWAAR;ONWAAR;Film/TV;https://stormpostproduction.com/portfolio/film/works/homies;Compositing
Houvast (Hold on);;ONWAAR;ONWAAR;Film/TV;https://stormpostproduction.com/portfolio/film/works/houvast-hold-on;Compositing/VFX
Huisvrouwen bestaan niet;;ONWAAR;ONWAAR;Film/TV;https://stormpostproduction.com/portfolio/film/works/huisvrouwen-bestaan-niet;Compositing
Huisvrouwen bestaan niet 2;;ONWAAR;ONWAAR;Film/TV;https://stormpostproduction.com/portfolio/film/works/huisvrouwen-bestaan-niet-2;VFX supervisor
Hunter Street – season 2;;ONWAAR;ONWAAR;Film/TV;https://stormpostproduction.com/portfolio/film/works/hunter-street-season-2;Compositor
I will cross tomorrow;;ONWAAR;ONWAAR;Film/TV;https://stormpostproduction.com/portfolio/film/works/willcross;VFX supervisor
In limbo;;ONWAAR;ONWAAR;Film/TV;https://stormpostproduction.com/portfolio/film/works/in-limbo;Compositing
Instinct;;ONWAAR;ONWAAR;Film/TV;https://stormpostproduction.com/portfolio/film/works/instinct;VFX supervisor
Jack;;ONWAAR;ONWAAR;Film/TV;https://stormpostproduction.com/portfolio/film/works/jack;Compositing
Jack besteld een Broertje;;ONWAAR;ONWAAR;Film/TV;https://stormpostproduction.com/portfolio/film/works/jack-besteld-een-broertje;Compositing
Jongens (Telefilm);;ONWAAR;ONWAAR;Film/TV;https://stormpostproduction.com/portfolio/film/works/jongens-telefilm;Compositing
Kapsalon Romy;;ONWAAR;ONWAAR;Film/TV;https://stormpostproduction.com/portfolio/film/works/kapsalon-romy;VFX supervisor
Killing Crabs (original title: Matar cangrejos);tt15270666;ONWAAR;ONWAAR;Film/TV;https://stormpostproduction.com/portfolio/film/works/killing-crabs-original-title-matar-cangrejos;Digital Compositor
Kind;;ONWAAR;ONWAAR;Film/TV;https://stormpostproduction.com/portfolio/film/works/kind;Compositing
Kollektivet (The Commune);;ONWAAR;ONWAAR;Film/TV;https://stormpostproduction.com/portfolio/film/works/the-commune-kollektivet;Compositing
Korte kuitspier;;ONWAAR;ONWAAR;Film/TV;https://stormpostproduction.com/portfolio/film/works/korte-kuitspier;VFX supervisor
Kruimeltje en de strijd om de goudmijn;;ONWAAR;ONWAAR;Film/TV;https://stormpostproduction.com/portfolio/film/works/kruimeltje;VFX supervisor
Land and Shade;;ONWAAR;ONWAAR;Film/TV;https://stormpostproduction.com/portfolio/film/works/land-and-shade;Compositing
Light As Feathers;;ONWAAR;ONWAAR;Film/TV;https://stormpostproduction.com/portfolio/film/works/light-as-feathers;Compositing
Loenatik te Gek;;ONWAAR;ONWAAR;Film/TV;https://stormpostproduction.com/portfolio/film/works/loenatik-te-gek;Compositing
Loodvrij (NTR Kort);;ONWAAR;ONWAAR;Film/TV;https://stormpostproduction.com/portfolio/film/works/loodvrij;Compositing
Magic Mountains;;ONWAAR;ONWAAR;Film/TV;https://stormpostproduction.com/portfolio/film/works/magic-mountains;VFX supervisor
Mannen van Mars;;ONWAAR;ONWAAR;Film/TV;https://stormpostproduction.com/portfolio/film/works/mannen-van-mars;Compositing
Mannenharten 2;;ONWAAR;ONWAAR;Film/TV;https://stormpostproduction.com/portfolio/film/works/mannenharten-2;Compositing
Marokkaanse Bruiloft;tt15261252;WAAR;WAAR;Film/TV;https://stormpostproduction.com/portfolio/film/works/marokkaanse-bruiloft;VFX Supervisor
Matties;tt23184372;ONWAAR;ONWAAR;Film/TV;https://stormpostproduction.com/portfolio/film/works/matties;VFX Supervisor
Messias (OneNightStand);;ONWAAR;ONWAAR;Film/TV;https://stormpostproduction.com/portfolio/film/works/messias-onenightstand;Compositing
Missie Aarde;;ONWAAR;ONWAAR;Film/TV;https://stormpostproduction.com/portfolio/film/works/missie-aarde;3d Compositing
Moedermaffia;tt20122554;ONWAAR;ONWAAR;Film/TV;https://stormpostproduction.com/portfolio/film/works/moedermaffia;VFX Supervisor
Mr K;tt7972570;ONWAAR;ONWAAR;Film/TV;https://stormpostproduction.com/portfolio/film/works/mr-k;Digital Compositor
Nieuwe buren;;ONWAAR;ONWAAR;Film/TV;https://stormpostproduction.com/portfolio/film/works/nieuwe-buren;Compositor
Nocturne;;ONWAAR;ONWAAR;Film/TV;https://stormpostproduction.com/portfolio/film/works/nocturne;VFX supervisor
November;;ONWAAR;ONWAAR;Film/TV;https://stormpostproduction.com/portfolio/film/works/november;Compositing
Occupied City;tt9573150;ONWAAR;WAAR;Film/TV;https://stormpostproduction.com/portfolio/film/works/occupied-city;VFX Supervisor
Porcelain;;ONWAAR;ONWAAR;Film/TV;https://stormpostproduction.com/portfolio/film/works/porcelain;VFX supervisor
Ramses;;ONWAAR;ONWAAR;Film/TV;https://stormpostproduction.com/portfolio/film/works/ramses;Compositing
Red Light;;ONWAAR;ONWAAR;Film/TV;https://stormpostproduction.com/portfolio/film/works/red-light;Compositing / Supervision
Rendez-Vous;;ONWAAR;ONWAAR;Film/TV;https://stormpostproduction.com/portfolio/film/works/rendez-vous;Compositing
Rundfunk – Jachterwachter;;ONWAAR;ONWAAR;Film/TV;https://stormpostproduction.com/portfolio/film/works/jachterwachter;VFX supervisor
Smeris;;ONWAAR;ONWAAR;Film/TV;https://stormpostproduction.com/portfolio/film/works/smeris-2;Compositor
Son du Serpent;;ONWAAR;ONWAAR;Film/TV;https://stormpostproduction.com/portfolio/film/works/son-du-serpent;Compositing
Soof – de serie -Seizoen 2;;ONWAAR;ONWAAR;Film/TV;https://stormpostproduction.com/portfolio/film/works/soof-de-serie-2;Compositor
Steekspel;;ONWAAR;ONWAAR;Film/TV;https://stormpostproduction.com/portfolio/film/works/steekspel;Title
STUFF;;ONWAAR;ONWAAR;Film/TV;https://stormpostproduction.com/portfolio/film/works/stuff;VFX supervisor
Sweet Dreams;tt13110998;ONWAAR;ONWAAR;Film/TV;https://stormpostproduction.com/portfolio/film/works/sweet-dreams;VFX Supervisor
Teef;;ONWAAR;ONWAAR;Film/TV;https://stormpostproduction.com/portfolio/film/works/teef;VFX supervisor
Terror;;ONWAAR;ONWAAR;Film/TV;https://stormpostproduction.com/portfolio/film/works/terror;Visual effects supervisor
The Last Ones;;ONWAAR;ONWAAR;Film/TV;https://stormpostproduction.com/portfolio/film/works/the-last-ones;VFX Supervisor
The Lobster;;ONWAAR;ONWAAR;Film/TV;https://stormpostproduction.com/portfolio/film/works/the-lobster;Additional Compositing
The Paradise Suite;;ONWAAR;ONWAAR;Film/TV;https://stormpostproduction.com/portfolio/film/works/the-paradise-suite;Compositing
Tot Zonsondergang;tt21438160;ONWAAR;ONWAAR;Film/TV;https://stormpostproduction.com/portfolio/film/works/tot-zonsondergang;VFX Supervisor
VALS;;ONWAAR;ONWAAR;Film/TV;https://stormpostproduction.com/portfolio/film/works/vals;Compositing
Verliefd op Cuba;;ONWAAR;ONWAAR;Film/TV;https://stormpostproduction.com/portfolio/film/works/verliefd-op-cuba;VFX supervisor
Visite;;ONWAAR;ONWAAR;Film/TV;https://stormpostproduction.com/portfolio/film/works/visite;Compositing
Wachten op Marissa;;ONWAAR;ONWAAR;Film/TV;https://stormpostproduction.com/portfolio/film/works/wachten-op-marissa;Compositing
Wat is dan Liefde;;ONWAAR;ONWAAR;Film/TV;https://stormpostproduction.com/portfolio/film/works/wat-is-dan-liefde;VFX supervisor
Wij;;ONWAAR;ONWAAR;Film/TV;https://stormpostproduction.com/portfolio/film/works/wij;Compositing
Wilde Mossels Remastered;;ONWAAR;ONWAAR;Film/TV;https://stormpostproduction.com/portfolio/film/works/wilde-mossels-remastered;Dust Busting
Wonderbroeders;;ONWAAR;ONWAAR;Film/TV;https://stormpostproduction.com/portfolio/film/works/wonderbroeders;Compositing
Zenith;;ONWAAR;ONWAAR;Film/TV;https://stormpostproduction.com/portfolio/film/works/zenith;Compositor
Zomer;;ONWAAR;ONWAAR;Film/TV;https://stormpostproduction.com/portfolio/film/works/zomer;Compositing
Zwarte Tulp;;ONWAAR;ONWAAR;Film/TV;https://stormpostproduction.com/portfolio/film/works/zwarte-tulp;Visual Effects