Project Title;IMDb ID;Credited;In portfolio;Category;URL;Role
Almhof - toetje.;;;ONWAAR;Advertising;https://stormpostproduction.com/portfolio/advertising/works/almhof-3;VFX supervisor
Amstel - Russia Power of Time.;;;ONWAAR;Advertising;https://stormpostproduction.com/portfolio/advertising/works/amstel-russia-power-of-time;Compositing
Amstel 0.0% - Amstel geeft een rondje.;;;ONWAAR;Advertising;https://stormpostproduction.com/portfolio/advertising/works/amstel-0-0-amstel-geeft-een-rondje;Compositing
Amstel Radler 2.0 - Highwayman.;;;ONWAAR;Advertising;https://stormpostproduction.com/portfolio/advertising/works/amstel-radler-2-0-highwayman;Compositing
ANWB - Twijfelgevallen.;;;ONWAAR;Advertising;https://stormpostproduction.com/portfolio/advertising/works/anwb-twijfelgevallen;Compositor
Appelsientje.;;;ONWAAR;Advertising;https://stormpostproduction.com/portfolio/advertising/works/appelsientje;Compositing
Bavaria - Hollandress.;;;ONWAAR;Advertising;https://stormpostproduction.com/portfolio/advertising/works/bavaria-hollandress;Compositing
Bolletje - Presentatie.;;;ONWAAR;Advertising;https://stormpostproduction.com/portfolio/advertising/works/bolletje-april;VFX supervisor
Bolletje Zadencracker.;;;ONWAAR;Advertising;https://stormpostproduction.com/portfolio/advertising/works/bolletje-zadencracker;VFX Supervisor
Bonduelle - machts besser.;;;ONWAAR;Advertising;https://stormpostproduction.com/portfolio/advertising/works/bonduellle;VFX Supervisor
Centraal Beheer - Container.;;;ONWAAR;Advertising;https://stormpostproduction.com/portfolio/advertising/works/centraal-beheer-container;VFX Supervisor
Coca Cola - the last Jedi.;;;ONWAAR;Advertising;https://stormpostproduction.com/portfolio/advertising/works/coca-cola-last-jedi;Compositing
Cup-a-Soup - Souperieur.;;;ONWAAR;Advertising;https://stormpostproduction.com/portfolio/advertising/works/cup-a-soup-souperieur;Compositor
Danerolles - Pizza.;;;ONWAAR;Advertising;https://stormpostproduction.com/portfolio/advertising/works/danerolles-pizza;Compositing
De Jeugd Van Tegenwoordig - Let The Tits Out.;;;ONWAAR;Advertising;https://stormpostproduction.com/portfolio/advertising/works/de-jeugd-van-tegenwoordig;VFX supervisor
Defensie - Groei.;;;ONWAAR;Advertising;https://stormpostproduction.com/portfolio/advertising/works/defensie-groei;VFX Supervisor
Defensie - Techniek.;;;ONWAAR;Advertising;https://stormpostproduction.com/portfolio/advertising/works/ministerie-van-defensie-techniek-2;Compositing
Duyvis - Fuifmelder.;;;ONWAAR;Advertising;https://stormpostproduction.com/portfolio/advertising/works/duyvis-fuifmelder;Compositing
Einride.;;;ONWAAR;Advertising;https://stormpostproduction.com/portfolio/advertising/works/einride;Compositor
Fit for Free - Prijskaart.;;;ONWAAR;Advertising;https://stormpostproduction.com/portfolio/advertising/works/fit-for-free-prijskaart;Compositing
Foodora.;;;ONWAAR;Advertising;https://stormpostproduction.com/portfolio/advertising/works/foodora;VFX Supervisor
Gall & Gall - 3D.;;;ONWAAR;Advertising;https://stormpostproduction.com/portfolio/advertising/works/gall-gall-3d;3D, motion graphic
HP-Smooth.;;;ONWAAR;Advertising;https://stormpostproduction.com/portfolio/advertising/works/hp;VFX supervisor
Hyundai.;;;ONWAAR;Advertising;https://stormpostproduction.com/portfolio/advertising/works/hyundai;VFX Supervisor
Ikea - Dag Rommel.;;;ONWAAR;Advertising;https://stormpostproduction.com/portfolio/advertising/works/ikea-dag-rommel;Compositing
Ikea - Deal with the dark.;;;ONWAAR;Advertising;https://stormpostproduction.com/portfolio/advertising/works/ikea-donker;VFX supervisor
Ikea - Eindelijk de ruimte.;;;ONWAAR;Advertising;https://stormpostproduction.com/portfolio/advertising/works/ikea-ruimte;VFX supervisor
Ikea - Hoi Visite.;;;ONWAAR;Advertising;https://stormpostproduction.com/portfolio/advertising/works/ikea-hoi-visite;Compositing
Kies de Fiets.;;;ONWAAR;Advertising;https://stormpostproduction.com/portfolio/advertising/works/kies-de-fiets;VFX Supervisor
KLM - 100 years.;;;ONWAAR;Advertising;https://stormpostproduction.com/portfolio/advertising/works/klm-100-jaar;Compositing
KLM - Baby.;;;ONWAAR;Advertising;https://stormpostproduction.com/portfolio/advertising/works/klm-baby-2;VFX supervisor
Koning Toto 5.1.;;;ONWAAR;Advertising;https://stormpostproduction.com/portfolio/advertising/works/koning-toto-5-1;VFX Supervisor
LG - Minibeamer.;;;ONWAAR;Advertising;https://stormpostproduction.com/portfolio/advertising/works/lg-minibeamer;Compositing, motion graphic
McDonald's - Big tasty.;;;ONWAAR;Advertising;https://stormpostproduction.com/portfolio/advertising/works/mac-donalds-bigtasty;VFX supervisor
McDonald's - X-Masters.;;;ONWAAR;Advertising;https://stormpostproduction.com/portfolio/advertising/works/mcdonalds-x-masters;VFX Supervisor
Mercedes Benz - Trucks.;;;ONWAAR;Advertising;https://stormpostproduction.com/portfolio/advertising/works/mercedes-benz-trucks;Compositing
Nationale Kinderherdenking 2022.;;;ONWAAR;Advertising;https://stormpostproduction.com/portfolio/advertising/works/nationale-kinderherdenking;VFX Supervisor
Nationale Nederlanden - Running Blind.;;;ONWAAR;Advertising;https://stormpostproduction.com/portfolio/advertising/works/nationale-nederlanden;VFX Supervisor
Old Amsterdam - Lunch.;;;ONWAAR;Advertising;https://stormpostproduction.com/portfolio/advertising/works/old-amsterdam-lunch;VFX supervisor
Promovendum - verzekering.;;;ONWAAR;Advertising;https://stormpostproduction.com/portfolio/advertising/works/promovendum-verzekering;Compositing
Sultana - Mr Happy.;;;ONWAAR;Advertising;https://stormpostproduction.com/portfolio/advertising/works/sultana-mr-happy;Compositing
Tele2 - Dit Wil Ik Weken.;;;ONWAAR;Advertising;https://stormpostproduction.com/portfolio/advertising/works/tele2-dit-wil-ik-weken;Lead Compositor
UPC - NFF publieksprijs.;;;ONWAAR;Advertising;https://stormpostproduction.com/portfolio/advertising/works/upc-nff-publieksprijs;Compositing
vandeBron.nl - Energie maatschappij.;;;ONWAAR;Advertising;https://stormpostproduction.com/portfolio/advertising/works/vandebron-nl-energie-maatschappij;Compositing
Veronica - Superguide.;;;ONWAAR;Advertising;https://stormpostproduction.com/portfolio/advertising/works/veronica-superguide;Compositing
Werkspot.;;;ONWAAR;Advertising;https://stormpostproduction.com/portfolio/advertising/works/werkspot;Compositing
Zilveren kruis- Zit check.;;;ONWAAR;Advertising;https://stormpostproduction.com/portfolio/advertising/works/zilveren-kruis;VFX supervisor
Catastrophe;tt6922038;ONWAAR;ONWAAR;Animation;https://stormpostproduction.com/portfolio/film/works/catastrophe;Compositing
Red Fried District;tt13879782;ONWAAR;WAAR;Animation;https://stormpostproduction.com/portfolio/film/works/red-fried-district;VFX Artist
The Little Vampire 3D;tt4729560;ONWAAR;ONWAAR;Animation;https://stormpostproduction.com/portfolio/film/works/little-vampire-3d;Compositing
Battles;tt4322004;ONWAAR;ONWAAR;Documentary;https://stormpostproduction.com/portfolio/film/works/battles;Compositing
Erbarme Dich;tt4362388;ONWAAR;ONWAAR;Documentary;https://stormpostproduction.com/portfolio/film/works/erbarme-dich;Compositing
Even Vergeten;;ONWAAR;ONWAAR;Documentary;https://stormpostproduction.com/portfolio/film/works/even-vergeten;VFX Supervisor
Inside the Mind of a Con Artist;tt15439406;ONWAAR;ONWAAR;Documentary;https://stormpostproduction.com/portfolio/film/works/inside-the-mind-of-a-con-artist;Digital Compositor
Rules of War;tt13156582;ONWAAR;ONWAAR;Documentary;https://stormpostproduction.com/portfolio/film/works/rules-of-war;VFX Supervisor
Vader;tt10620030;ONWAAR;ONWAAR;Documentary;https://stormpostproduction.com/portfolio/film/works/vader;VFX supervisor
‘t Schaep Ahoy;tt0828594;ONWAAR;ONWAAR;Film/TV;https://stormpostproduction.com/portfolio/film/works/t-schaep-ahoy;Compositor
All you need is Love;tt8161226;WAAR;WAAR;Film/TV;https://stormpostproduction.com/portfolio/film/works/allyouneedislove;VFX supervisor
Amsterdam Vice;tt8747308;ONWAAR;ONWAAR;Film/TV;https://stormpostproduction.com/portfolio/film/works/baantjer-2;VFX Supervisor
Another Round (original title: Druk);tt10288566;ONWAAR;ONWAAR;Film/TV;https://stormpostproduction.com/portfolio/film/works/another-round-original-title-druk;Digital Compositor
Baantjer – het begin;tt8747308;ONWAAR;ONWAAR;Film/TV;https://stormpostproduction.com/portfolio/film/works/baantjer;VFX Supervisor
Ballast  (OneNightStand);tt2176450;ONWAAR;ONWAAR;Film/TV;https://stormpostproduction.com/portfolio/film/works/ballast-onenightstand;Compositor
Bannebroek’s Got Talent (Telefilm);tt3556648;ONWAAR;ONWAAR;Film/TV;https://stormpostproduction.com/portfolio/film/works/bannebroeks-got-talent-telefilm;Compositing
Bears love me;tt8690510;ONWAAR;ONWAAR;Film/TV;https://stormpostproduction.com/portfolio/film/works/bears;VFX supervisor
Beenlampman;tt10367584;ONWAAR;ONWAAR;Film/TV;https://stormpostproduction.com/portfolio/film/works/beenlampman;VFX supervisor
Bella Donna’s;tt6315790;ONWAAR;ONWAAR;Film/TV;https://stormpostproduction.com/portfolio/film/works/bella-donnas;Compositing
Bloodgroup;tt10538712;ONWAAR;ONWAAR;Film/TV;https://stormpostproduction.com/portfolio/film/works/bloodgroup;VFX supervisor
Bluf;tt4025456;ONWAAR;ONWAAR;Film/TV;https://stormpostproduction.com/portfolio/film/works/bluf;Compositor
Bo;tt13479258;ONWAAR;ONWAAR;Film/TV;https://stormpostproduction.com/portfolio/film/works/bo;Digital Compositor
BON BINI HOLLAND 2;tt7295378;ONWAAR;ONWAAR;Film/TV;https://stormpostproduction.com/portfolio/film/works/bon-bini-holland2;Compositing
Bram Fischer;tt6002522;ONWAAR;ONWAAR;Film/TV;https://stormpostproduction.com/portfolio/film/works/bram-fischer;Compositing
Bulado;tt12182440;ONWAAR;ONWAAR;Film/TV;https://stormpostproduction.com/portfolio/film/works/bulado;Compositing
Celblok H;tt3471980;ONWAAR;ONWAAR;Film/TV;https://stormpostproduction.com/portfolio/film/works/celblok-h-3;Compositor
Dansen Op de Vulkaan;tt3323318;ONWAAR;ONWAAR;Film/TV;https://stormpostproduction.com/portfolio/film/works/dansen-op-de-vulkaan;Compositing
Das Wad (NTR Kort);tt4173382;ONWAAR;ONWAAR;Film/TV;https://stormpostproduction.com/portfolio/film/works/das-wad-ntr-kort;Compositing
De Boskampi’s;tt3845822;ONWAAR;ONWAAR;Film/TV;https://stormpostproduction.com/portfolio/film/works/de-boskampis;Compositing
De club van lelijke kinderen;tt9695404;ONWAAR;ONWAAR;Film/TV;https://stormpostproduction.com/portfolio/film/works/de-club-van-lelijke-kinderen-2;VFX supervisor
De Man Uit Rome;tt15366554;ONWAAR;ONWAAR;Film/TV;https://stormpostproduction.com/portfolio/film/works/de-man-uit-rome;Digital Compositor
De Marathon;tt2401621;ONWAAR;ONWAAR;Film/TV;https://stormpostproduction.com/portfolio/film/works/de-marathon;Compositing
De Verschrikkelijke Jaren Tachtig;tt14691120;ONWAAR;ONWAAR;Film/TV;https://stormpostproduction.com/portfolio/film/works/de-verschrikkelijke-jaren-tachtig;VFX Supervisor
De Verschrikkelijke Jaren Tachtig;tt14691120;ONWAAR;ONWAAR;Film/TV;https://stormpostproduction.com/portfolio/film/works/de-verschrikkelijke-jaren-tachtig;Digital Compositor
Der Kaiser (NTR Kort);;ONWAAR;ONWAAR;Film/TV;https://stormpostproduction.com/portfolio/film/works/der-kaiser;Compositing
Do Not Hesitate;tt11280826;ONWAAR;ONWAAR;Film/TV;https://stormpostproduction.com/portfolio/film/works/do-not-hesitate;VFX Supervisor
Dokter Tinus;tt2365936;ONWAAR;ONWAAR;Film/TV;https://stormpostproduction.com/portfolio/film/works/dokter-tinus;Compositing
Dokter Tinus – Season 2;tt2365936;ONWAAR;ONWAAR;Film/TV;https://stormpostproduction.com/portfolio/film/works/dokter-tinus-season-2;Compositing
Dokter Tinus – Season 3;tt2365936;ONWAAR;ONWAAR;Film/TV;https://stormpostproduction.com/portfolio/film/works/dokter-tinus-season-3;Compositing
Dokter Tinus – Season 4;tt2365936;ONWAAR;ONWAAR;Film/TV;https://stormpostproduction.com/portfolio/film/works/dokter-tinus-season-4;Compositing
Een Tweede Kans  (Duivels Dillema’s);tt3133250;ONWAAR;ONWAAR;Film/TV;https://stormpostproduction.com/portfolio/film/works/een-tweede-kans-duivels-dillema;Compositing
Forever After;tt3545374;ONWAAR;ONWAAR;Film/TV;https://stormpostproduction.com/portfolio/film/works/forever-after;Compositing
Gek van Geluk;tt6876488;ONWAAR;ONWAAR;Film/TV;https://stormpostproduction.com/portfolio/film/works/gek-van-geluk;Compositing
Hartenstraat;tt3171886;ONWAAR;ONWAAR;Film/TV;https://stormpostproduction.com/portfolio/film/works/hartenstraat;Compositor
HET HART VAN HADIAH TROMP;tt7188568;ONWAAR;ONWAAR;Film/TV;https://stormpostproduction.com/portfolio/film/works/film-template-3;Compositing
Het Kamp;tt30497864;ONWAAR;ONWAAR;Film/TV;https://stormpostproduction.com/portfolio/film/works/het-kamp;VFX Supervisor
Het mooiste wat er is (Telefilm);tt4359602;ONWAAR;ONWAAR;Film/TV;https://stormpostproduction.com/portfolio/film/works/het-mooiste-wat-er-is-telefilm;Compositing
Homies;tt3851324;ONWAAR;ONWAAR;Film/TV;https://stormpostproduction.com/portfolio/film/works/homies;Compositing
Houvast (Hold on);tt5421684;ONWAAR;ONWAAR;Film/TV;https://stormpostproduction.com/portfolio/film/works/houvast-hold-on;Compositing/VFX
Huisvrouwen bestaan niet;tt5912150;ONWAAR;ONWAAR;Film/TV;https://stormpostproduction.com/portfolio/film/works/huisvrouwen-bestaan-niet;Compositing
Huisvrouwen bestaan niet 2;tt9878598;ONWAAR;ONWAAR;Film/TV;https://stormpostproduction.com/portfolio/film/works/huisvrouwen-bestaan-niet-2;VFX supervisor
Hunter Street – season 2;tt6622316;ONWAAR;ONWAAR;Film/TV;https://stormpostproduction.com/portfolio/film/works/hunter-street-season-2;Compositor
I will cross tomorrow;tt7900130;ONWAAR;ONWAAR;Film/TV;https://stormpostproduction.com/portfolio/film/works/willcross;VFX supervisor
In limbo;tt8798314;ONWAAR;ONWAAR;Film/TV;https://stormpostproduction.com/portfolio/film/works/in-limbo;Compositing
Instinct;tt8386898;ONWAAR;ONWAAR;Film/TV;https://stormpostproduction.com/portfolio/film/works/instinct;VFX supervisor
Jack;tt4874074;ONWAAR;ONWAAR;Film/TV;https://stormpostproduction.com/portfolio/film/works/jack;Compositing
Jack besteld een Broertje;tt3666734;ONWAAR;ONWAAR;Film/TV;https://stormpostproduction.com/portfolio/film/works/jack-besteld-een-broertje;Compositing
Jongens (Telefilm);tt3318220;ONWAAR;ONWAAR;Film/TV;https://stormpostproduction.com/portfolio/film/works/jongens-telefilm;Compositing
Kapsalon Romy;tt7865162;ONWAAR;ONWAAR;Film/TV;https://stormpostproduction.com/portfolio/film/works/kapsalon-romy;VFX supervisor
Killing Crabs (original title: Matar cangrejos);tt15270666;ONWAAR;ONWAAR;Film/TV;https://stormpostproduction.com/portfolio/film/works/killing-crabs-original-title-matar-cangrejos;Digital Compositor
Kind;tt9045346;ONWAAR;ONWAAR;Film/TV;https://stormpostproduction.com/portfolio/film/works/kind;Compositing
Kollektivet (The Commune);tt3082854;ONWAAR;ONWAAR;Film/TV;https://stormpostproduction.com/portfolio/film/works/the-commune-kollektivet;Compositing
Korte kuitspier;tt9096966;ONWAAR;ONWAAR;Film/TV;https://stormpostproduction.com/portfolio/film/works/korte-kuitspier;VFX supervisor
Kruimeltje en de strijd om de goudmijn;tt8801582;ONWAAR;ONWAAR;Film/TV;https://stormpostproduction.com/portfolio/film/works/kruimeltje;VFX supervisor
Land and Shade;tt4663992;ONWAAR;ONWAAR;Film/TV;https://stormpostproduction.com/portfolio/film/works/land-and-shade;Compositing
Light As Feathers;tt6720900;ONWAAR;ONWAAR;Film/TV;https://stormpostproduction.com/portfolio/film/works/light-as-feathers;Compositing
Loenatik te Gek;tt2994788;ONWAAR;ONWAAR;Film/TV;https://stormpostproduction.com/portfolio/film/works/loenatik-te-gek;Compositing
Loodvrij (NTR Kort);tt4373490;ONWAAR;ONWAAR;Film/TV;https://stormpostproduction.com/portfolio/film/works/loodvrij;Compositing
Magic Mountains;tt10295936;ONWAAR;ONWAAR;Film/TV;https://stormpostproduction.com/portfolio/film/works/magic-mountains;VFX supervisor
Mannen van Mars;tt6868684;ONWAAR;ONWAAR;Film/TV;https://stormpostproduction.com/portfolio/film/works/mannen-van-mars;Compositing
Mannenharten 2;tt4580112;ONWAAR;ONWAAR;Film/TV;https://stormpostproduction.com/portfolio/film/works/mannenharten-2;Compositing
Marokkaanse Bruiloft;tt15261252;WAAR;WAAR;Film/TV;https://stormpostproduction.com/portfolio/film/works/marokkaanse-bruiloft;VFX Supervisor
Matties;tt23184372;ONWAAR;ONWAAR;Film/TV;https://stormpostproduction.com/portfolio/film/works/matties;VFX Supervisor
Messias (OneNightStand);tt6538178;ONWAAR;ONWAAR;Film/TV;https://stormpostproduction.com/portfolio/film/works/messias-onenightstand;Compositing
Missie Aarde;tt4045340;ONWAAR;ONWAAR;Film/TV;https://stormpostproduction.com/portfolio/film/works/missie-aarde;3d Compositing
Moedermaffia;tt20122554;ONWAAR;ONWAAR;Film/TV;https://stormpostproduction.com/portfolio/film/works/moedermaffia;VFX Supervisor
Mr K;tt7972570;ONWAAR;ONWAAR;Film/TV;https://stormpostproduction.com/portfolio/film/works/mr-k;Digital Compositor
Nieuwe buren;tt3996656;ONWAAR;ONWAAR;Film/TV;https://stormpostproduction.com/portfolio/film/works/nieuwe-buren;Compositor
Nocturne;tt6424724;ONWAAR;ONWAAR;Film/TV;https://stormpostproduction.com/portfolio/film/works/nocturne;VFX supervisor
November;tt6164502;ONWAAR;ONWAAR;Film/TV;https://stormpostproduction.com/portfolio/film/works/november;Compositing
Occupied City;tt9573150;ONWAAR;WAAR;Film/TV;https://stormpostproduction.com/portfolio/film/works/occupied-city;VFX Supervisor
Porcelain;tt6438522;ONWAAR;ONWAAR;Film/TV;https://stormpostproduction.com/portfolio/film/works/porcelain;VFX supervisor
Ramses;tt3089822;ONWAAR;ONWAAR;Film/TV;https://stormpostproduction.com/portfolio/film/works/ramses;Compositing
Red Light;tt10795304;ONWAAR;ONWAAR;Film/TV;https://stormpostproduction.com/portfolio/film/works/red-light;Compositing / Supervision
Rendez-Vous;tt3755362;ONWAAR;ONWAAR;Film/TV;https://stormpostproduction.com/portfolio/film/works/rendez-vous;Compositing
Rundfunk – Jachterwachter;tt10699348;ONWAAR;ONWAAR;Film/TV;https://stormpostproduction.com/portfolio/film/works/jachterwachter;VFX supervisor
Smeris;tt3487478;ONWAAR;ONWAAR;Film/TV;https://stormpostproduction.com/portfolio/film/works/smeris-2;Compositor
Son du Serpent;tt4621156;ONWAAR;ONWAAR;Film/TV;https://stormpostproduction.com/portfolio/film/works/son-du-serpent;Compositing
Soof – de serie -Seizoen 2;tt6676884;ONWAAR;ONWAAR;Film/TV;https://stormpostproduction.com/portfolio/film/works/soof-de-serie-2;Compositor
Steekspel;tt2171875;ONWAAR;ONWAAR;Film/TV;https://stormpostproduction.com/portfolio/film/works/steekspel;Title
STUFF;tt11001024;ONWAAR;ONWAAR;Film/TV;https://stormpostproduction.com/portfolio/film/works/stuff;VFX supervisor
Sweet Dreams;tt13110998;ONWAAR;ONWAAR;Film/TV;https://stormpostproduction.com/portfolio/film/works/sweet-dreams;VFX Supervisor
Teef;tt10367542;ONWAAR;ONWAAR;Film/TV;https://stormpostproduction.com/portfolio/film/works/teef;VFX supervisor
Terror;tt9779662;ONWAAR;ONWAAR;Film/TV;https://stormpostproduction.com/portfolio/film/works/terror;Visual effects supervisor
The Last Ones;tt6352926;ONWAAR;ONWAAR;Film/TV;https://stormpostproduction.com/portfolio/film/works/the-last-ones;VFX Supervisor
The Lobster;tt3464902;ONWAAR;ONWAAR;Film/TV;https://stormpostproduction.com/portfolio/film/works/the-lobster;Additional Compositing
The Paradise Suite;tt4246894;ONWAAR;ONWAAR;Film/TV;https://stormpostproduction.com/portfolio/film/works/the-paradise-suite;Compositing
Tot Zonsondergang;tt21438160;ONWAAR;ONWAAR;Film/TV;https://stormpostproduction.com/portfolio/film/works/tot-zonsondergang;VFX Supervisor
VALS;tt7330392;ONWAAR;ONWAAR;Film/TV;https://stormpostproduction.com/portfolio/film/works/vals;Compositing
Verliefd op Cuba;tt8471716;ONWAAR;ONWAAR;Film/TV;https://stormpostproduction.com/portfolio/film/works/verliefd-op-cuba;VFX supervisor
Visite;tt8478768;ONWAAR;ONWAAR;Film/TV;https://stormpostproduction.com/portfolio/film/works/visite;Compositing
Wachten op Marissa;tt3164054;ONWAAR;ONWAAR;Film/TV;https://stormpostproduction.com/portfolio/film/works/wachten-op-marissa;Compositing
Wat is dan Liefde;tt8458582;ONWAAR;ONWAAR;Film/TV;https://stormpostproduction.com/portfolio/film/works/wat-is-dan-liefde;VFX supervisor
Wij;tt6671244;ONWAAR;ONWAAR;Film/TV;https://stormpostproduction.com/portfolio/film/works/wij;Compositing
Wilde Mossels Remastered;;ONWAAR;ONWAAR;Film/TV;https://stormpostproduction.com/portfolio/film/works/wilde-mossels-remastered;Dust Busting
Wonderbroeders;tt3820346;ONWAAR;ONWAAR;Film/TV;https://stormpostproduction.com/portfolio/film/works/wonderbroeders;Compositing
Zenith;tt6506490;ONWAAR;ONWAAR;Film/TV;https://stormpostproduction.com/portfolio/film/works/zenith;Compositor
Zomer;tt2691102;ONWAAR;ONWAAR;Film/TV;https://stormpostproduction.com/portfolio/film/works/zomer;Compositing
Zwarte Tulp;tt4283994;ONWAAR;ONWAAR;Film/TV;https://stormpostproduction.com/portfolio/film/works/zwarte-tulp;Visual Effects