Project Title,,,,Category,URL,Role
Mr K,,,,Unknown Category,https://stormpostproduction.com/portfolio/film/works/mr-k,Digital Compositor
Sweet Dreams,,,,Unknown Category,https://stormpostproduction.com/portfolio/film/works/sweet-dreams,VFX Supervisor
Killing Crabs (original title: Matar cangrejos),,,,Unknown Category,https://stormpostproduction.com/portfolio/film/works/killing-crabs-original-title-matar-cangrejos,Digital Compositor
Occupied City,,,,Unknown Category,https://stormpostproduction.com/portfolio/film/works/occupied-city,VFX Supervisor
De Man Uit Rome,,,,Unknown Category,https://stormpostproduction.com/portfolio/film/works/de-man-uit-rome,Digital Compositor
Tot Zonsondergang,,,,Unknown Category,https://stormpostproduction.com/portfolio/film/works/tot-zonsondergang,VFX Supervisor
Matties,,,,Unknown Category,https://stormpostproduction.com/portfolio/film/works/matties,VFX Supervisor
Moedermaffia,,,,Unknown Category,https://stormpostproduction.com/portfolio/film/works/moedermaffia,VFX Supervisor
Het Kamp,,,,Unknown Category,https://stormpostproduction.com/portfolio/film/works/het-kamp,VFX Supervisor
Bo,,,,Unknown Category,https://stormpostproduction.com/portfolio/film/works/bo,Digital Compositor
Marokkaanse Bruiloft,,,,Unknown Category,https://stormpostproduction.com/portfolio/film/works/marokkaanse-bruiloft,VFX Supervisor
De Verschrikkelijke Jaren Tachtig,,,,Unknown Category,https://stormpostproduction.com/portfolio/film/works/de-verschrikkelijke-jaren-tachtig,VFX Supervisor
De Verschrikkelijke Jaren Tachtig,,,,Unknown Category,https://stormpostproduction.com/portfolio/film/works/de-verschrikkelijke-jaren-tachtig,Digital Compositor
Soof 3,,,,Unknown Category,https://stormpostproduction.com/portfolio/film/works/soof3,Digital Compositor
De Sterfshow,,,,Unknown Category,https://stormpostproduction.com/portfolio/film/works/de-sterfshow,Director
Do Not Hesitate,,,,Unknown Category,https://stormpostproduction.com/portfolio/film/works/do-not-hesitate,VFX Supervisor
Sisyphus at Work,,,,Unknown Category,https://stormpostproduction.com/portfolio/film/works/sisyphus-at-work,Compositing /VFX
Dead & Beautiful,,,,Unknown Category,https://stormpostproduction.com/portfolio/film/works/dead-beautiful,Digital Compositor
Another Round (original title: Druk),,,,Unknown Category,https://stormpostproduction.com/portfolio/film/works/another-round-original-title-druk,Digital Compositor
The Last Ones,,,,Unknown Category,https://stormpostproduction.com/portfolio/film/works/the-last-ones,VFX Supervisor
Bon Bini: Judeska in da House,,,,Unknown Category,https://stormpostproduction.com/portfolio/film/works/bon-bini-jidh,Compositing /VFX
Red Light,,,,Unknown Category,https://stormpostproduction.com/portfolio/film/works/red-light,Compositing / VFX
Bulado,,,,Unknown Category,https://stormpostproduction.com/portfolio/film/works/bulado,Compositing /VFX
Rundfunk – Jachterwachter,,,,Unknown Category,https://stormpostproduction.com/portfolio/film/works/jachterwachter,VFX supervisor
Magic Mountains,,,,Unknown Category,https://stormpostproduction.com/portfolio/film/works/magic-mountains,VFX supervisor
Kruimeltje en de strijd om de goudmijn,,,,Unknown Category,https://stormpostproduction.com/portfolio/film/works/kruimeltje,VFX supervisor
Huisvrouwen bestaan niet 2,,,,Unknown Category,https://stormpostproduction.com/portfolio/film/works/huisvrouwen-bestaan-niet-2,VFX supervisor
Amsterdam Vice,,,,Unknown Category,https://stormpostproduction.com/portfolio/film/works/baantjer-2,VFX Supervisor
Wat is dan Liefde,,,,Unknown Category,https://stormpostproduction.com/portfolio/film/works/wat-is-dan-liefde,VFX supervisor
De club van lelijke kinderen,,,,Unknown Category,https://stormpostproduction.com/portfolio/film/works/de-club-van-lelijke-kinderen-2,VFX supervisor
Instinct,,,,Unknown Category,https://stormpostproduction.com/portfolio/film/works/instinct,VFX supervisor
Beenlampman,,,,Unknown Category,https://stormpostproduction.com/portfolio/film/works/beenlampman,VFX supervisor
Beenlampman,,,,Unknown Category,https://stormpostproduction.com/portfolio/film/works/beenlampman,Compositing /VFX
Teef,,,,Unknown Category,https://stormpostproduction.com/portfolio/film/works/teef,VFX supervisor
Teef,,,,Unknown Category,https://stormpostproduction.com/portfolio/film/works/teef,Compositing /VFX
Kapsalon Romy,,,,Unknown Category,https://stormpostproduction.com/portfolio/film/works/kapsalon-romy,VFX supervisor
STUFF,,,,Unknown Category,https://stormpostproduction.com/portfolio/film/works/stuff,VFX supervisor
Bloodgroup,,,,Unknown Category,https://stormpostproduction.com/portfolio/film/works/bloodgroup,VFX supervisor
I will cross tomorrow,,,,Unknown Category,https://stormpostproduction.com/portfolio/film/works/willcross,VFX supervisor
Korte kuitspier,,,,Unknown Category,https://stormpostproduction.com/portfolio/film/works/korte-kuitspier,VFX supervisor
Terror,,,,Unknown Category,https://stormpostproduction.com/portfolio/film/works/terror,Visual effects supervisor
Nocturne,,,,Unknown Category,https://stormpostproduction.com/portfolio/film/works/nocturne,VFX supervisor
Porcelain,,,,Unknown Category,https://stormpostproduction.com/portfolio/film/works/porcelain,VFX supervisor
Baantjer – het begin,,,,Unknown Category,https://stormpostproduction.com/portfolio/film/works/baantjer,VFX Supervisor
Verliefd op Cuba,,,,Unknown Category,https://stormpostproduction.com/portfolio/film/works/verliefd-op-cuba,VFX supervisor
Bears love me,,,,Unknown Category,https://stormpostproduction.com/portfolio/film/works/bears,VFX supervisor
Soof – de serie -Seizoen 2,,,,Unknown Category,https://stormpostproduction.com/portfolio/film/works/soof-de-serie-2,Composit /VFX
VALS,,,,Unknown Category,https://stormpostproduction.com/portfolio/film/works/vals,Compositing /VFX
BON BINI HOLLAND 2,,,,Unknown Category,https://stormpostproduction.com/portfolio/film/works/bon-bini-holland2,Compositing /VFX
All you need is Love,,,,Unknown Category,https://stormpostproduction.com/portfolio/film/works/allyouneedislove,VFX supervisor
In limbo,,,,Unknown Category,https://stormpostproduction.com/portfolio/film/works/in-limbo,Compositing /VFX
Visite,,,,Unknown Category,https://stormpostproduction.com/portfolio/film/works/visite,Compositing /VFX
Kind,,,,Unknown Category,https://stormpostproduction.com/portfolio/film/works/kind,Compositing /VFX
Wij,,,,Unknown Category,https://stormpostproduction.com/portfolio/film/works/wij,Compositing /VFX
Hunter Street – season 2,,,,Unknown Category,https://stormpostproduction.com/portfolio/film/works/hunter-street-season-2,Composit /VFX
Light As Feathers,,,,Unknown Category,https://stormpostproduction.com/portfolio/film/works/light-as-feathers,Compositing /VFX
Mannen van Mars,,,,Unknown Category,https://stormpostproduction.com/portfolio/film/works/mannen-van-mars,Compositing /VFX
HET HART VAN HADIAH TROMP,,,,Unknown Category,https://stormpostproduction.com/portfolio/film/works/film-template-3,Compositing /VFX
Huisvrouwen bestaan niet,,,,Unknown Category,https://stormpostproduction.com/portfolio/film/works/huisvrouwen-bestaan-niet,Compositing /VFX
Gek van Geluk,,,,Unknown Category,https://stormpostproduction.com/portfolio/film/works/gek-van-geluk,Compositing /VFX
Bella Donna’s,,,,Unknown Category,https://stormpostproduction.com/portfolio/film/works/bella-donnas,Compositing /VFX
Zenith,,,,Unknown Category,https://stormpostproduction.com/portfolio/film/works/zenith,Composit /VFX
Bram Fischer,,,,Unknown Category,https://stormpostproduction.com/portfolio/film/works/bram-fischer,Compositing /VFX
November,,,,Unknown Category,https://stormpostproduction.com/portfolio/film/works/november,Compositing /VFX
Messias (OneNightStand),,,,Unknown Category,https://stormpostproduction.com/portfolio/film/works/messias-onenightstand,Compositing /VFX
Celblok H,,,,Unknown Category,https://stormpostproduction.com/portfolio/film/works/celblok-h-3,Composit /VFX
Kollektivet (The Commune),,,,Unknown Category,https://stormpostproduction.com/portfolio/film/works/the-commune-kollektivet,Compositing /VFX
Dokter Tinus – Season 4,,,,Unknown Category,https://stormpostproduction.com/portfolio/film/works/dokter-tinus-season-4,Compositing /VFX
‘t Schaep Ahoy,,,,Unknown Category,https://stormpostproduction.com/portfolio/film/works/t-schaep-ahoy,Composit /VFX
Zwarte Tulp,,,,Unknown Category,https://stormpostproduction.com/portfolio/film/works/zwarte-tulp,Visual effect
Missie Aarde,,,,Unknown Category,https://stormpostproduction.com/portfolio/film/works/missie-aarde,3d Compositing / VFX
Houvast (Hold on),,,,Unknown Category,https://stormpostproduction.com/portfolio/film/works/houvast-hold-on,Compositing/VFX
The Paradise Suite,,,,Unknown Category,https://stormpostproduction.com/portfolio/film/works/the-paradise-suite,Compositing /VFX
Wilde Mossels Remastered,,,,Unknown Category,https://stormpostproduction.com/portfolio/film/works/wilde-mossels-remastered,Dust Busting /VFX
The Lobster,,,,Unknown Category,https://stormpostproduction.com/portfolio/film/works/the-lobster,Additional Compositing /VFX
Mannenharten 2,,,,Unknown Category,https://stormpostproduction.com/portfolio/film/works/mannenharten-2,Compositing /VFX
Land and Shade,,,,Unknown Category,https://stormpostproduction.com/portfolio/film/works/land-and-shade,Compositing /VFX
Dokter Tinus – Season 3,,,,Unknown Category,https://stormpostproduction.com/portfolio/film/works/dokter-tinus-season-3,Compositing /VFX
Nieuwe buren,,,,Unknown Category,https://stormpostproduction.com/portfolio/film/works/nieuwe-buren,Composit /VFX
Bluf,,,,Unknown Category,https://stormpostproduction.com/portfolio/film/works/bluf,Composit /VFX
Jack,,,,Unknown Category,https://stormpostproduction.com/portfolio/film/works/jack,Compositing /VFX
Rendez-Vous,,,,Unknown Category,https://stormpostproduction.com/portfolio/film/works/rendez-vous,Compositing /VFX
De Boskampi’s,,,,Unknown Category,https://stormpostproduction.com/portfolio/film/works/de-boskampis,Compositing /VFX
Son du Serpent,,,,Unknown Category,https://stormpostproduction.com/portfolio/film/works/son-du-serpent,Compositing /VFX
Jack besteld een Broertje,,,,Unknown Category,https://stormpostproduction.com/portfolio/film/works/jack-besteld-een-broertje,Compositing /VFX
Homies,,,,Unknown Category,https://stormpostproduction.com/portfolio/film/works/homies,Compositing /VFX
Het mooiste wat er is (Telefilm),,,,Unknown Category,https://stormpostproduction.com/portfolio/film/works/het-mooiste-wat-er-is-telefilm,Compositing /VFX
Smeris,,,,Unknown Category,https://stormpostproduction.com/portfolio/film/works/smeris-2,Composit /VFX
Ramses,,,,Unknown Category,https://stormpostproduction.com/portfolio/film/works/ramses,Compositing / VFX
Das Wad (NTR Kort),,,,Unknown Category,https://stormpostproduction.com/portfolio/film/works/das-wad-ntr-kort,Compositing / VFX
Dokter Tinus – Season 2,,,,Unknown Category,https://stormpostproduction.com/portfolio/film/works/dokter-tinus-season-2,Compositing / VFX
Wonderbroeders,,,,Unknown Category,https://stormpostproduction.com/portfolio/film/works/wonderbroeders,Compositing / VFX
Dansen Op de Vulkaan,,,,Unknown Category,https://stormpostproduction.com/portfolio/film/works/dansen-op-de-vulkaan,Compositing /VFX
Der Kaiser (NTR Kort),,,,Unknown Category,https://stormpostproduction.com/portfolio/film/works/der-kaiser,Compositing /VFX
Loenatik te Gek,,,,Unknown Category,https://stormpostproduction.com/portfolio/film/works/loenatik-te-gek,Compositing / VFX
Loodvrij (NTR Kort),,,,Unknown Category,https://stormpostproduction.com/portfolio/film/works/loodvrij,Compositing / VFX
Hartenstraat,,,,Unknown Category,https://stormpostproduction.com/portfolio/film/works/hartenstraat,Composit /VFX
Zomer,,,,Unknown Category,https://stormpostproduction.com/portfolio/film/works/zomer,Compositing / VFX
Jongens (Telefilm),,,,Unknown Category,https://stormpostproduction.com/portfolio/film/works/jongens-telefilm,Compositing /VFX
Wachten op Marissa,,,,Unknown Category,https://stormpostproduction.com/portfolio/film/works/wachten-op-marissa,Compositing /VFX
Forever After,,,,Unknown Category,https://stormpostproduction.com/portfolio/film/works/forever-after,Compositing /VFX
Bannebroek’s Got Talent (Telefilm),,,,Unknown Category,https://stormpostproduction.com/portfolio/film/works/bannebroeks-got-talent-telefilm,Compositing /VFX
Dokter Tinus,,,,Unknown Category,https://stormpostproduction.com/portfolio/film/works/dokter-tinus,Compositing / VFX
Een Tweede Kans  (Duivels Dillema’s),,,,Unknown Category,https://stormpostproduction.com/portfolio/film/works/een-tweede-kans-duivels-dillema,Compositing /VFX
De Marathon,,,,Unknown Category,https://stormpostproduction.com/portfolio/film/works/de-marathon,Compositing /VFX
Ballast  (OneNightStand),,,,Unknown Category,https://stormpostproduction.com/portfolio/film/works/ballast-onenightstand,Composit / VFX
Steekspel,,,,Unknown Category,https://stormpostproduction.com/portfolio/film/works/steekspel,Title
Foodora.,,,,Advertising,https://stormpostproduction.com/portfolio/advertising/works/foodora,VFX Supervisor
Kies de Fiets.,,,,Advertising,https://stormpostproduction.com/portfolio/advertising/works/kies-de-fiets,VFX Supervisor
Einride.,,,,Advertising,https://stormpostproduction.com/portfolio/advertising/works/einride,Compositor
Centraal Beheer - Container.,,,,Advertising,https://stormpostproduction.com/portfolio/advertising/works/centraal-beheer-container,VFX Supervisor
Bonduelle - machts besser.,,,,Advertising,https://stormpostproduction.com/portfolio/advertising/works/bonduellle,VFX Supervisor
Nationale Kinderherdenking 2022.,,,,Advertising,https://stormpostproduction.com/portfolio/advertising/works/nationale-kinderherdenking,VFX Supervisor
McDonald's - X-Masters.,,,,Advertising,https://stormpostproduction.com/portfolio/advertising/works/mcdonalds-x-masters,VFX Supervisor
Koning Toto 5.1.,,,,Advertising,https://stormpostproduction.com/portfolio/advertising/works/koning-toto-5-1,VFX Supervisor
Tele2 - Dit Wil Ik Weken.,,,,Advertising,https://stormpostproduction.com/portfolio/advertising/works/tele2-dit-wil-ik-weken,Lead Compositor
Bolletje Zadencracker.,,,,Advertising,https://stormpostproduction.com/portfolio/advertising/works/bolletje-zadencracker,VFX Supervisor
Defensie - Groei.,,,,Advertising,https://stormpostproduction.com/portfolio/advertising/works/defensie-groei,VFX Supervisor
Hyundai.,,,,Advertising,https://stormpostproduction.com/portfolio/advertising/works/hyundai,VFX Supervisor
Werkspot.,,,,Advertising,https://stormpostproduction.com/portfolio/advertising/works/werkspot,Compositing /VFX
Nationale Nederlanden - Running Blind.,,,,Advertising,https://stormpostproduction.com/portfolio/advertising/works/nationale-nederlanden,VFX Supervisor
KLM - 100 years.,,,,Advertising,https://stormpostproduction.com/portfolio/advertising/works/klm-100-jaar,Compositing /VFX
Almhof - toetje.,,,,Advertising,https://stormpostproduction.com/portfolio/advertising/works/almhof-3,VFX supervisor
Ikea - Eindelijk de ruimte.,,,,Advertising,https://stormpostproduction.com/portfolio/advertising/works/ikea-ruimte,VFX supervisor
Old Amsterdam - Lunch.,,,,Advertising,https://stormpostproduction.com/portfolio/advertising/works/old-amsterdam-lunch,VFX supervisor
KLM - Baby.,,,,Advertising,https://stormpostproduction.com/portfolio/advertising/works/klm-baby-2,VFX supervisor
Bolletje - Presentatie.,,,,Advertising,https://stormpostproduction.com/portfolio/advertising/works/bolletje-april,VFX supervisor
McDonald's - Big tasty.,,,,Advertising,https://stormpostproduction.com/portfolio/advertising/works/mac-donalds-bigtasty,VFX supervisor
Ikea - Deal with the dark.,,,,Advertising,https://stormpostproduction.com/portfolio/advertising/works/ikea-donker,VFX supervisor
De Jeugd Van Tegenwoordig - Let The Tits Out.,,,,Advertising,https://stormpostproduction.com/portfolio/advertising/works/de-jeugd-van-tegenwoordig,VFX supervisor
Defensie - Techniek.,,,,Advertising,https://stormpostproduction.com/portfolio/advertising/works/ministerie-van-defensie-techniek-2,Compositing /VFX
HP-Smooth.,,,,Advertising,https://stormpostproduction.com/portfolio/advertising/works/hp,VFX supervisor
Zilveren kruis- Zit check.,,,,Advertising,https://stormpostproduction.com/portfolio/advertising/works/zilveren-kruis,VFX supervisor
Appelsientje.,,,,Advertising,https://stormpostproduction.com/portfolio/advertising/works/appelsientje,Compositing /VFX
Coca Cola - the last Jedi.,,,,Advertising,https://stormpostproduction.com/portfolio/advertising/works/coca-cola-last-jedi,Compositing /VFX
Amstel 0.0% - Amstel geeft een rondje.,,,,Advertising,https://stormpostproduction.com/portfolio/advertising/works/amstel-0-0-amstel-geeft-een-rondje,Compositing /VFX
vandeBron.nl - Energie maatschappij.,,,,Advertising,https://stormpostproduction.com/portfolio/advertising/works/vandebron-nl-energie-maatschappij,Compositing /VFX
Mercedes Benz - Trucks.,,,,Advertising,https://stormpostproduction.com/portfolio/advertising/works/mercedes-benz-trucks,Compositing /VFX
Promovendum - verzekering.,,,,Advertising,https://stormpostproduction.com/portfolio/advertising/works/promovendum-verzekering,Compositing /VFX
Amstel Radler 2.0 - Highwayman.,,,,Advertising,https://stormpostproduction.com/portfolio/advertising/works/amstel-radler-2-0-highwayman,Compositing /VFX
Sultana - Mr Happy.,,,,Advertising,https://stormpostproduction.com/portfolio/advertising/works/sultana-mr-happy,Compositing /VFX
Duyvis - Fuifmelder.,,,,Advertising,https://stormpostproduction.com/portfolio/advertising/works/duyvis-fuifmelder,Compositing /VFX
Ikea - Dag Rommel.,,,,Advertising,https://stormpostproduction.com/portfolio/advertising/works/ikea-dag-rommel,Compositing /VFX
Fit for Free - Prijskaart.,,,,Advertising,https://stormpostproduction.com/portfolio/advertising/works/fit-for-free-prijskaart,Compositing /VFX
Ikea - Hoi Visite.,,,,Advertising,https://stormpostproduction.com/portfolio/advertising/works/ikea-hoi-visite,Compositing /VFX
Veronica - Superguide.,,,,Advertising,https://stormpostproduction.com/portfolio/advertising/works/veronica-superguide,Compositing /VFX
Amstel - Russia Power of Time.,,,,Advertising,https://stormpostproduction.com/portfolio/advertising/works/amstel-russia-power-of-time,Compositing /VFX
UPC - NFF publieksprijs.,,,,Advertising,https://stormpostproduction.com/portfolio/advertising/works/upc-nff-publieksprijs,Compositing /VFX
Bavaria - Hollandress.,,,,Advertising,https://stormpostproduction.com/portfolio/advertising/works/bavaria-hollandress,Compositing /VFX
Danerolles - Pizza.,,,,Advertising,https://stormpostproduction.com/portfolio/advertising/works/danerolles-pizza,Compositing /VFX
LG - Minibeamer.,,,,Advertising,https://stormpostproduction.com/portfolio/advertising/works/lg-minibeamer,"Compositing /VFX, motion graphic"
Cup-a-Soup - Souperieur.,,,,Advertising,https://stormpostproduction.com/portfolio/advertising/works/cup-a-soup-souperieur,Composit /VFX
ANWB - Twijfelgevallen.,,,,Advertising,https://stormpostproduction.com/portfolio/advertising/works/anwb-twijfelgevallen,Composit /VFX
Gall & Gall - 3D.,,,,Advertising,https://stormpostproduction.com/portfolio/advertising/works/gall-gall-3d,"3D, motion graphic"
Red Fried District,,,,Unknown Category,https://stormpostproduction.com/portfolio/film/works/red-fried-district,VFX Artist
Catastrophe,,,,Unknown Category,https://stormpostproduction.com/portfolio/film/works/catastrophe,Compositing /VFX
The Little Vampire 3D,,,,Unknown Category,https://stormpostproduction.com/portfolio/film/works/little-vampire-3d,Compositing /VFX
Even Vergeten,,,,Unknown Category,https://stormpostproduction.com/portfolio/film/works/even-vergeten,VFX Supervisor
Inside the Mind of a Con Artist,,,,Unknown Category,https://stormpostproduction.com/portfolio/film/works/inside-the-mind-of-a-con-artist,Digital Compositor
Rules of War,,,,Unknown Category,https://stormpostproduction.com/portfolio/film/works/rules-of-war,VFX Supervisor
Vader,,,,Unknown Category,https://stormpostproduction.com/portfolio/film/works/vader,VFX supervisor
Battles,,,,Unknown Category,https://stormpostproduction.com/portfolio/film/works/battles,Compositing /VFX
Erbarme Dich,,,,Unknown Category,https://stormpostproduction.com/portfolio/film/works/erbarme-dich,Compositing /VFX
